3m Co, 71.72, 0.02, 0.03, '2007-10-02'
Alcoa Inc, 29.01, 0.42, 1.47, '2007-10-02'
Altria Group Inc, 83.81, 0.28, 0.34, '2007-10-02'
American Express Company, 52.55, 0.01, 0.02, '2007-10-02'
American International Group,  Inc., 64.13, 0.31, 0.49, '2007-10-02'
AT&T Inc., 31.61, -0.48, -1.54, '2007-10-02'
Boeing Co., 75.43, 0.53, 0.71, '2007-10-02'
Caterpillar Inc., 67.27, 0.92, 1.39, '2007-10-02'
Citigroup,  Inc., 49.37, 0.02, 0.04, '2007-10-02'
E.I. du Pont de Nemours and Company, 40.48, 0.51, 1.28, '2007-10-02'
Exxon Mobil Corp, 68.1, -0.43, -0.64, '2007-10-02'
General Electric Company, 34.14, -0.08, -0.23, '2007-10-02'
General Motors Corporation, 30.27, 1.09, 3.74, '2007-10-02'
Hewlett-Packard Co., 36.53, -0.03, -0.08, '2007-10-02'
Honeywell Intl Inc, 38.77, 0.05, 0.13, '2007-10-02'
Intel Corporation, 19.88, 0.31, 1.58, '2007-10-02'
International Business Machines, 81.41, 0.44, 0.54, '2007-10-02'
Johnson & Johnson, 64.72, 0.06, 0.09, '2007-10-02'
JP Morgan & Chase & Co, 45.73, 0.07, 0.15, '2007-10-02'
McDonalds Corporation, 36.76, 0.86, 2.40, '2007-10-02'
Merck & Co.,  Inc., 40.96, 0.41, 1.01, '2007-10-02'
Microsoft Corporation, 25.84, 0.14, 0.54, '2007-10-02'
Pfizer Inc, 27.96, 0.4, 1.45, '2007-10-02'
The Coca-Cola Company, 45.07, 0.26, 0.58, '2007-10-02'
The Home Depot,  Inc., 34.64, 0.35, 1.02, '2007-10-02'
The Procter & Gamble Company, 61.91, 0.01, 0.02, '2007-10-02'
United Technologies Corporation, 63.26, 0.55, 0.88, '2007-10-02'
Verizon Communications, 35.57, 0.39, 1.11, '2007-10-02'
Wal-Mart Stores,  Inc., 45.45, 0.73, 1.63, '2007-10-02'